ADAUGASTATII, 1  04-05-2020 18:32:44
ADAUGAAUTOBUZ, 3  04-05-2020 18:32:53
ADAUGACONTROLOR, 10  04-05-2020 18:33:02
AFISEAZASTATII, 2  04-05-2020 18:33:26
AFISEAZASTATII, 2  04-05-2020 22:40:10
ADAUGASTATII, 1  04-05-2020 22:40:24
AFISEAZASTATII, 2  04-05-2020 22:40:48
AFISEAZASTATII, 2  05-05-2020 14:27:29
AFISEAZASTATII, 2  05-05-2020 15:30:04
AFISEAZASTATII, 2  05-05-2020 15:30:29
CUCEAJUNGINSTATIAX, 6  05-05-2020 15:30:41
PRINCESTATIIX, 7  05-05-2020 15:30:46
DRUMXY, 8  05-05-2020 15:30:53
ADAUGACONTROLOR, 10  05-05-2020 15:30:59
AFISEAZASTATII, 2  05-05-2020 15:31:01
ADAUGASTATII, 1  05-05-2020 15:31:07
AFISEAZASTATII, 2  05-05-2020 15:31:14
AFISEAZASTATII, 2  05-05-2020 15:31:38
